{
  "project_info": {
    "project_number": "936475719834",
    "firebase_url": "https://unim-304cb.firebaseio.com",
    "project_id": "unim-304cb",
    "storage_bucket": "unim-304cb.appspot.com"
  },
  "client": [
    {
      "client_info": {
        "mobilesdk_app_id": "1:936475719834:android:e6cd6e59e2f2d933",
        "android_client_info": {
          "package_name": "com.zgenit.unim"
        }
      },
      "oauth_client": [
        {
          "client_id": "936475719834-026f7kbo9u3pi5ilphcm3l92cj45kat7.apps.googleusercontent.com",
          "client_type": 1,
          "android_info": {
            "package_name": "com.zgenit.unim",
            "certificate_hash": "15dd66c7191d6d1ad90eda99bd0d167cdc2526f3"
          }
        },
        {
          "client_id": "936475719834-3au4uasnq1dmjtciqgn7orgn5fjts74m.apps.googleusercontent.com",
          "client_type": 3
        }
      ],
      "api_key": [
        {
          "current_key": "AIzaSyCVeTpC9ShR4M5rr_r0_M8zlWOfeDcL6PY"
        }
      ],
      "services": {
        "appinvite_service": {
          "other_platform_oauth_client": [
            {
              "client_id": "936475719834-3au4uasnq1dmjtciqgn7orgn5fjts74m.apps.googleusercontent.com",
              "client_type": 3
            }
          ]
        }
      }
    }
  ],
  "configuration_version": "1"
}